iter	MultiClass
0	1.926884675
100	1.671859305
200	1.624641895
300	1.585188185
400	1.554118679
500	1.527636811
600	1.500805065
